rank:16,size:16,begin:48,end:51
rank:16,size:16,begin:48,end:51
rank:16,size:16,begin:48,end:51
rank:16,size:16,begin:rank:16,size:48,end:51
rank:16,size:16,begin:48,end:5116,begin:48,end:51
rank:16,size:16,begin:48,end:51

rank:16,size:16,begin:48,end:51
rank:16,size:16,begin:48,end:51
rank:16,size:16,begin:48,end:51
1,1,0.00199663
0.00197266
rank:16,size:16,begin:48,end:51
rank:16,size:16,begin:48,end:51
1,0.00192827
1,0.00193241
1,0.00192899
rank:16,size:16,begin:48,end:51rank:16,size:16,begin:48,end:51

rank:16,size:16,begin:48,end:51
rank:16,size:16,begin:48,end:51
rank:16,size:16,begin:48,end:51
rank:16,size:16,begin:48,end:51
rank:16rank:16,size:16,size:16,begin:48,end:51
,begin:48,end:51
rank:16,size:16,begin:48,end:51
1,0.00370109
1,0.00367854
1,1,0.00366495
0.00367757
1,rank:16,size:16,begin:480.00369807
,end:51
rank:16,size:16,begin:48,end:51
rank:16,size:16,begin:48,end:51
rank:16,size:16,begin:48,end:51
rank:16,size:16,begin:48,end:51
1,0.00193902
1,0.00193845
rank:16,size:16,begin:48,end:51
rank:16,size:16,begin:48,end:51
1,0.00196266
rank:16,size:16,begin:48,end:51
1,1,1,0.00370812
0.00369892
0.00370142
rank:16,size:16,begin:48rank:16,size:16,begin:48,end:51
rank:16,size:16,begin:48,end:51
,end:51
2,0.0383578
2,0.0385235
rank:16,size:16,begin:48,end:51
rank:16,size:16,begin:48,end:51
2,0.0388464
rank:16,size:16,begin:48,end:51
2,0.0385472
2,0.0386472
2,0.0387002
2,0.0387161
rank:16,size:16,begin:48,end:51
rank:16,size:16,begin:48,end:51
2,0.0388069
rank:16,size:16,begin:48,end:51
rank:16,size:16,begin:48,end:51
2,0.0382954
rank:16,size:16,begin:48,end:51
rank:16,size:16,begin:48,end:51
2,0.0385536
rank:16,size:16,begin:48,end:51
2,0.0391856
rank:16,size:16,begin:48,end:51
2,0.0385762
2,0.038783
2,0.0387721
rank:16,size:16,begin:48,end:51
rank:16,size:16,begin:48,end:51
rank:16,size:16,begin:48,end:51
2,0.0637176
2,0.063721
rank:16,size:16,begin:48,end:51
rank:16,size:16,begin:48,end:51
3,0.716451
rank:16,size:16,begin:48,end:51
3,0.728753
rank:16,size:16,begin:48,end:51
4,0.0543226
rank:16,size:16,begin:48,end:51
4,0.0543799
rank:16,size:16,begin:48,end:51
5,0.0543691
rank:16,size:16,begin:48,end:51
5,0.0543317
rank:16,size:16,begin:48,end:51
6,0.0544063
rank:16,size:16,begin:48,end:51
6,0.0544338
rank:16,size:16,begin:48,end:51
7,0.0544829
rank:16,size:16,begin:48,end:51
7,0.0543809
rank:16,size:16,begin:48,end:51
8,0.054616
rank:16,size:16,begin:48,end:51
8,0.0545333
rank:16,size:16,begin:48,end:51
9,0.0546844
rank:16,size:16,begin:48,end:51
9,0.0545784
rank:16,size:16,begin:48,end:51
3,1.08437
rank:16,size:16,begin:48,end:51
10,0.0547907
rank:16,size:16,begin:48,end:51
10,0.0554474
rank:16,size:16,begin:48,end:51
4,0.0547565
rank:16,size:16,begin:48,end:51
11,0.0548622
rank:16,size:16,begin:48,end:51
11,0.0549409
rank:16,size:16,begin:48,end:51
3,1.1645
rank:16,size:16,begin:48,end:51
5,0.0542892
rank:16,size:16,begin:48,end:51
12,0.0554331
rank:16,size:16,begin:48,end:51
12,0.0550675
rank:16,size:16,begin:48,end:51
4,0.055146
rank:16,size:16,begin:48,end:51
3,1.23848
rank:16,size:16,begin:48,end:51
6,0.0543194
rank:16,size:16,begin:48,end:51
13,0.0551295
rank:16,size:16,begin:48,end:51
13,0.0551154
rank:16,size:16,begin:48,end:51
5,0.0552714
rank:16,size:16,begin:48,end:51
3,1.28391
rank:16,size:16,begin:48,end:51
4,0.055286
rank:16,size:16,begin:48,end:51
7,0.0542318
rank:16,size:16,begin:48,end:51
14,0.0551535
rank:16,size:16,begin:48,end:51
6,0.0553303
rank:16,size:16,begin:48,end:51
4,0.0554769
rank:16,size:16,begin:48,end:51
5,0.0553493
rank:16,size:16,begin:48,end:51
8,0.0542484
rank:16,size:16,begin:48,end:51
15,0.0553453
rank:16,size:16,begin:48,end:51
7,0.0554107
rank:16,size:16,begin:48,end:51
5,0.0554878
rank:16,size:16,begin:48,end:51
6,0.0553858
rank:16,size:16,begin:48,end:51
9,0.0544663
rank:16,size:16,begin:48,end:51
16,0.0554606
rank:16,size:16,begin:48,end:51
8,0.0554949
rank:16,size:16,begin:48,end:51
3,1.44655
rank:16,size:16,begin:48,end:51
6,0.0558467
rank:16,size:16,begin:48,end:51
7,0.0554961
rank:16,size:16,begin:48,end:51
10,0.0545631
rank:16,size:16,begin:48,end:51
17,0.0555931
rank:16,size:16,begin:48,end:51
9,0.055639
rank:16,size:16,begin:48,end:51
4,0.0551802
rank:16,size:16,begin:48,end:51
7,0.0557045
rank:16,size:16,begin:48,end:51
8,0.05582
rank:16,size:16,begin:48,end:51
11,0.0547008
rank:16,size:16,begin:48,end:51
3,1.52867
3,1.52664
rank:16,size:16,begin:48,end:51
rank:16,size:16,begin:48,end:51
10,0.0557577
rank:16,size:16,begin:48,end:51
5,0.0552234
rank:16,size:16,begin:48,end:51
8,0.055796
rank:16,size:16,begin:48,end:51
9,0.0557533
rank:16,size:16,begin:48,end:51
12,0.0549031
rank:16,size:16,begin:48,end:51
4,0.0552167
4,0.0553837rank:16,size:16,begin:48,end:51

rank:16,size:16,begin:48,end:51
3,1.58985
rank:16,size:16,begin:48,end:51
11,0.0559024
rank:16,size:16,begin:48,end:51
6,0.0552727
rank:16,size:16,begin:48,end:51
9,0.0558849
rank:16,size:16,begin:48,end:51
10,0.0558285
rank:16,size:16,begin:48,end:51
5,0.0552336
rank:16,size:16,begin:48,end:51
5,0.0556234
rank:16,size:16,begin:48,end:51
4,0.0547763
rank:16,size:16,begin:48,end:51
12,0.0561768
rank:16,size:16,begin:48,end:51
7,0.0555281
rank:16,size:16,begin:48,end:51
3,1.66918
rank:16,size:16,begin:48,end:51
3,1.67278
3,1.67147
rank:16,size:16,begin:48,end:51
3,1.67277
rank:16,size:16,begin:48,end:51
rank:16,size:16,begin:48,end:51
10,0.0561106
rank:16,size:16,begin:48,end:51
11,0.0561928
rank:16,size:16,begin:48,end:51
3,1.66618
rank:16,size:16,begin:48,end:51
3,1.66696
rank:16,size:16,begin:48,end:51
6,0.0556141
rank:16,size:16,begin:48,end:51
6,0.0557164
rank:16,size:16,begin:48,end:51
5,0.0544365
rank:16,size:16,begin:48,end:51
8,0.0554809
rank:16,size:16,begin:48,end:51
11,0.0561359
rank:16,size:16,begin:48,end:51
12,0.0560899
rank:16,size:16,begin:48,end:51
7,0.0554602
rank:16,size:16,begin:48,end:51
7,0.0556727
rank:16,size:16,begin:48,end:51
6,0.0546445
rank:16,size:16,begin:48,end:51
9,0.0557826
rank:16,size:16,begin:48,end:51
4,0.088527
rank:16,size:16,begin:48,end:51
12,0.0563059
rank:16,size:16,begin:48,end:51
13,0.0563575
rank:16,size:16,begin:48,end:51
8,0.0556252
rank:16,size:16,begin:48,end:51
8,0.0557609
rank:16,size:16,begin:48,end:51
7,0.054518
rank:16,size:16,begin:48,end:51
10,0.0558726
5,0.054758
rank:16,size:16,begin:48,end:51
rank:16,size:16,begin:48,end:51
13,0.0564187
rank:16,size:16,begin:48,end:51
9,0.0557136
rank:16,size:16,begin:48,end:51
8,0.0545971
rank:16,size:16,begin:48,end:51
9,0.05583
rank:16,size:16,begin:48,end:51
11,0.0563095
rank:16,size:16,begin:48,end:51
6,0.0612397
rank:16,size:16,begin:48,end:51
14,0.0565764
rank:16,size:16,begin:48,end:51
9,0.0550206
rank:16,size:16,begin:48,end:51
10,0.0557889
rank:16,size:16,begin:48,end:51
10,0.0558995
rank:16,size:16,begin:48,end:51
4,0.259972
rank:16,size:16,begin:48,end:51
12,0.0560572
rank:16,size:16,begin:48,end:51
7,0.0548836
4,0.276049
rank:16,size:16,begin:48,end:51
rank:16,size:16,begin:48,end:51
15,0.0566717
rank:16,size:16,begin:48,end:51
10,0.0548376
rank:16,size:16,begin:48,end:51
11,0.0562928
rank:16,size:16,begin:48,end:51
11,0.0560452
rank:16,size:16,begin:48,end:51
5,0.0558778
rank:16,size:16,begin:48,end:51
8,0.0548658
rank:16,size:16,begin:48,end:51
5,0.060284
rank:16,size:16,begin:48,end:51
11,0.0552945
rank:16,size:16,begin:48,end:51
12,0.0560256
rank:16,size:16,begin:48,end:51
12,0.0561819
rank:16,size:16,begin:48,end:51
6,0.0559275
rank:16,size:16,begin:48,end:51
9,0.0549859
rank:16,size:16,begin:48,end:51
6,0.0547484
rank:16,size:16,begin:48,end:51
12,0.0549939
rank:16,size:16,begin:48,end:51
13,0.0561
rank:16,size:16,begin:48,end:51
13,0.0562387
rank:16,size:16,begin:48,end:51
7,0.0559889
rank:16,size:16,begin:48,end:51
10,0.055091
rank:16,size:16,begin:48,end:51
7,0.054503
rank:16,size:16,begin:48,end:51
8,0.0560554
rank:16,size:16,begin:48,end:51
11,0.0551205
rank:16,size:16,begin:48,end:51
8,0.0545057
rank:16,size:16,begin:48,end:51
9,0.0561881
rank:16,size:16,begin:48,end:51
12,0.055377
rank:16,size:16,begin:48,end:51
9,0.0547851
4,0.537663
rank:16,size:16,begin:48,end:51
rank:16,size:16,begin:48,end:51
10,0.0562698
rank:16,size:16,begin:48,end:51
10,0.055026
rank:16,size:16,begin:48,end:51
5,0.055549
rank:16,size:16,begin:48,end:51
4,0.64043
rank:16,size:16,begin:48,end:51
11,0.0564696
rank:16,size:16,begin:48,end:51
11,0.0549569
rank:16,size:16,begin:48,end:51
6,0.0556316
rank:16,size:16,begin:48,end:51
5,0.0554007
rank:16,size:16,begin:48,end:51
12,0.056613
rank:16,size:16,begin:48,end:51
12,0.0550326
rank:16,size:16,begin:48,end:51
7,0.0557426
rank:16,size:16,begin:48,end:51
6,0.055381
rank:16,size:16,begin:48,end:51
8,0.0558277
rank:16,size:16,begin:48,end:51
4,0.798955
rank:16,size:16,begin:48,end:51
7,0.0554939
rank:16,size:16,begin:48,end:51
9,0.0558858
rank:16,size:16,begin:48,end:51
18,1.01676
rank:16,size:16,begin:48,end:51
5,0.0555044
rank:16,size:16,begin:48,end:51
8,0.0555779
rank:16,size:16,begin:48,end:51
10,0.0568914
rank:16,size:16,begin:48,end:51
19,0.0559003
rank:16,size:16,begin:48,end:51
6,0.055558
rank:16,size:16,begin:48,end:51
9,0.0566095
rank:16,size:16,begin:48,end:51
11,0.0561299
rank:16,size:16,begin:48,end:51
20,0.0555665
rank:16,size:16,begin:48,end:51
7,0.0556372
rank:16,size:16,begin:48,end:51
10,0.0558244
rank:16,size:16,begin:48,end:51
12,0.0562282
rank:16,size:16,begin:48,end:51
21,0.0555297
rank:16,size:16,begin:48,end:51
8,0.0557685
rank:16,size:16,begin:48,end:51
11,0.0559451
rank:16,size:16,begin:48,end:51
22,0.0555123
rank:16,size:16,begin:48,end:51
9,0.0558682
rank:16,size:16,begin:48,end:51
12,0.0561121
rank:16,size:16,begin:48,end:51
23,0.0555768
rank:16,size:16,begin:48,end:51
10,0.0559859
rank:16,size:16,begin:48,end:51
24,0.0555002
rank:16,size:16,begin:48,end:51
11,0.0560477
rank:16,size:16,begin:48,end:51
12,0.0562082
rank:16,size:16,begin:48,end:51
13,1.62468
rank:16,size:16,begin:48,end:51
14,0.0563812
rank:16,size:16,begin:48,end:51
15,0.0563798
rank:16,size:16,begin:48,end:51
16,0.0565974
rank:16,size:16,begin:48,end:51
17,0.0565349
rank:16,size:16,begin:48,end:51
13,1.76337
rank:16,size:16,begin:48,end:51
18,0.0565297
rank:16,size:16,begin:48,end:51
14,0.0561381
rank:16,size:16,begin:48,end:51
19,0.0565599
rank:16,size:16,begin:48,end:51
15,0.0562585
rank:16,size:16,begin:48,end:51
16,0.0563201
rank:16,size:16,begin:48,end:51
17,0.0563815
rank:16,size:16,begin:48,end:51
18,0.0564768
rank:16,size:16,begin:48,end:51
19,0.0564524
rank:16,size:16,begin:48,end:51
13,2.33049
rank:16,size:16,begin:48,end:51
14,0.0559473
rank:16,size:16,begin:48,end:51
15,0.0560437
rank:16,size:16,begin:48,end:51
16,0.0561295
rank:16,size:16,begin:48,end:51
17,0.0561982
rank:16,size:16,begin:48,end:51
18,0.0563195
rank:16,size:16,begin:48,end:51
13,2.49209
rank:16,size:16,begin:48,end:51
20,1.03871
rank:16,size:16,begin:48,end:51
19,0.056325
rank:16,size:16,begin:48,end:51
14,0.0554807
rank:16,size:16,begin:48,end:51
21,0.0566025
rank:16,size:16,begin:48,end:51
15,0.0554759
rank:16,size:16,begin:48,end:51
22,0.056704
rank:16,size:16,begin:48,end:51
16,0.0555121
rank:16,size:16,begin:48,end:51
23,0.0566279
rank:16,size:16,begin:48,end:51
17,0.055593
rank:16,size:16,begin:48,end:51
24,0.0567355
rank:16,size:16,begin:48,end:51
14,3.57978
rank:16,size:16,begin:48,end:51
18,0.0560532
rank:16,size:16,begin:48,end:51
25,0.0568209
rank:16,size:16,begin:48,end:51
15,0.0554548
rank:16,size:16,begin:48,end:51
19,0.0555603
rank:16,size:16,begin:48,end:51
26,0.0567512
rank:16,size:16,begin:48,end:51
16,0.055599
rank:16,size:16,begin:48,end:51
27,0.0567661
rank:16,size:16,begin:48,end:51
17,0.0557141
rank:16,size:16,begin:48,end:51
18,0.055524
rank:16,size:16,begin:48,end:51
19,0.0556392
rank:16,size:16,begin:48,end:51
20,0.0555632
rank:16,size:16,begin:48,end:51
21,0.055662
rank:16,size:16,begin:48,end:51
22,0.0556368
rank:16,size:16,begin:48,end:51
20,1.12125
rank:16,size:16,begin:48,end:51
21,0.0562849
rank:16,size:16,begin:48,end:51
22,0.0562924
rank:16,size:16,begin:48,end:51
23,0.0562962
rank:16,size:16,begin:48,end:51
24,0.0563471
rank:16,size:16,begin:48,end:51
25,0.0563133
rank:16,size:16,begin:48,end:51
26,0.0563505
rank:16,size:16,begin:48,end:51
27,0.0563747
rank:16,size:16,begin:48,end:51
16,5.41333
rank:16,size:16,begin:48,end:51
17,0.0553626
rank:16,size:16,begin:48,end:51
18,0.0553675
rank:16,size:16,begin:48,end:51
19,0.0553638
rank:16,size:16,begin:48,end:51
20,0.055421
rank:16,size:16,begin:48,end:51
21,0.0553625
rank:16,size:16,begin:48,end:51
13,5.47047
rank:16,size:16,begin:48,end:51
22,0.0554197
rank:16,size:16,begin:48,end:51
14,0.0566438
rank:16,size:16,begin:48,end:51
23,0.0554383
rank:16,size:16,begin:48,end:51
15,0.0566702
rank:16,size:16,begin:48,end:51
16,0.0567908
rank:16,size:16,begin:48,end:51
17,0.0568385
rank:16,size:16,begin:48,end:51
13,5.55262
rank:16,size:16,begin:48,end:51
13,5.56365
rank:16,size:16,begin:48,end:51
18,0.0568864
rank:16,size:16,begin:48,end:51
14,0.0569165
rank:16,size:16,begin:48,end:51
14,0.0589437
rank:16,size:16,begin:48,end:51
13,5.27123
rank:16,size:16,begin:48,end:51
19,0.0569036
rank:16,size:16,begin:48,end:51
15,0.0570304
rank:16,size:16,begin:48,end:51
15,0.0564679
rank:16,size:16,begin:48,end:51
14,0.0564433
rank:16,size:16,begin:48,end:51
13,5.17207
rank:16,size:16,begin:48,end:51
20,0.0568931
rank:16,size:16,begin:48,end:51
16,0.0555412
rank:16,size:16,begin:48,end:51
16,0.0571584
rank:16,size:16,begin:48,end:51
14,6.33378
rank:16,size:16,begin:48,end:51
15,0.0565036
rank:16,size:16,begin:48,end:51
14,0.0552631
rank:16,size:16,begin:48,end:51
17,0.0555167
rank:16,size:16,begin:48,end:51
17,0.0571926
rank:16,size:16,begin:48,end:51
15,0.056393
rank:16,size:16,begin:48,end:51
16,0.0565546
15,0.0553203
rank:16,size:16,begin:48,end:51
rank:16,size:16,begin:48,end:51
18,0.0556682
rank:16,size:16,begin:48,end:51
18,0.0572222
rank:16,size:16,begin:48,end:51
16,0.0564217
rank:16,size:16,begin:48,end:51
16,0.0554801
rank:16,size:16,begin:48,end:51
17,0.0566155
rank:16,size:16,begin:48,end:51
19,0.0555781
rank:16,size:16,begin:48,end:51
19,0.0571761
rank:16,size:16,begin:48,end:51
17,0.0564473
rank:16,size:16,begin:48,end:51
17,0.055468
rank:16,size:16,begin:48,end:51
18,0.0566817
rank:16,size:16,begin:48,end:51
20,0.0556112
rank:16,size:16,begin:48,end:51
20,0.05724
rank:16,size:16,begin:48,end:51
18,0.0564944
rank:16,size:16,begin:48,end:51
18,0.0554765
rank:16,size:16,begin:48,end:51
19,0.056657
rank:16,size:16,begin:48,end:51
19,0.0564929
rank:16,size:16,begin:48,end:51
19,0.0554658
rank:16,size:16,begin:48,end:51
20,0.0566405
rank:16,size:16,begin:48,end:51
20,0.0565279
rank:16,size:16,begin:48,end:51
20,0.0554215
rank:16,size:16,begin:48,end:51
21,0.056524
rank:16,size:16,begin:48,end:51
20,5.39566
rank:16,size:16,begin:48,end:51
21,0.0553466
rank:16,size:16,begin:48,end:51
22,0.0552699
rank:16,size:16,begin:48,end:51
23,0.0552199
rank:16,size:16,begin:48,end:51
24,0.0553024
rank:16,size:16,begin:48,end:51
25,0.0552958
rank:16,size:16,begin:48,end:51
26,0.05538
rank:16,size:16,begin:48,end:51
14,7.6615
rank:16,size:16,begin:48,end:51
14,7.71607
rank:16,size:16,begin:48,end:51
15,0.059253
rank:16,size:16,begin:48,end:51
15,0.0562306
rank:16,size:16,begin:48,end:51
16,0.0550997
rank:16,size:16,begin:48,end:51
16,0.0564237
rank:16,size:16,begin:48,end:51
17,0.0550976
rank:16,size:16,begin:48,end:51
17,0.0563285
rank:16,size:16,begin:48,end:51
18,0.0551772
rank:16,size:16,begin:48,end:51
18,0.0563398
rank:16,size:16,begin:48,end:51
19,0.0551787
rank:16,size:16,begin:48,end:51
19,0.056367
20,0.0551406
rank:16,size:16,begin:48,end:51
rank:16,size:16,begin:48,end:51
21,0.0552269
rank:16,size:16,begin:48,end:51
20,0.0563606
rank:16,size:16,begin:48,end:51
22,0.0551943
rank:16,size:16,begin:48,end:51
21,0.0563509
rank:16,size:16,begin:48,end:51
28,6.29539
rank:16,size:16,begin:48,end:51
29,0.0568364
rank:16,size:16,begin:48,end:51
23,6.07859
rank:16,size:16,begin:48,end:51
30,0.0567549
rank:16,size:16,begin:48,end:51
24,0.0557659
rank:16,size:16,begin:48,end:51
31,0.0568611
rank:16,size:16,begin:48,end:51
25,0.0557412
rank:16,size:16,begin:48,end:51
32,0.0567543
rank:16,size:16,begin:48,end:51
26,0.0557288
rank:16,size:16,begin:48,end:51
33,0.056858
rank:16,size:16,begin:48,end:51
27,0.055772
rank:16,size:16,begin:48,end:51
28,0.055719
rank:16,size:16,begin:48,end:51
29,0.0557389
rank:16,size:16,begin:48,end:51
21,3.56834
rank:16,size:16,begin:48,end:51
22,0.0573296
rank:16,size:16,begin:48,end:51
21,3.55946
rank:16,size:16,begin:48,end:51
21,3.65008
rank:16,size:16,begin:48,end:51
23,0.0572347
rank:16,size:16,begin:48,end:51
22,0.0567841
rank:16,size:16,begin:48,end:51
22,0.0566122
rank:16,size:16,begin:48,end:51
24,0.0573018
rank:16,size:16,begin:48,end:51
23,0.0567706
rank:16,size:16,begin:48,end:51
23,0.0556504
rank:16,size:16,begin:48,end:51
25,0.0572257
rank:16,size:16,begin:48,end:51
24,0.0556525
rank:16,size:16,begin:48,end:51
24,0.0567779
rank:16,size:16,begin:48,end:51
26,0.0572767
rank:16,size:16,begin:48,end:51
27,2.71221
rank:16,size:16,begin:48,end:51
25,0.0557553
rank:16,size:16,begin:48,end:51
25,0.0568067
rank:16,size:16,begin:48,end:51
22,3.69534
rank:16,size:16,begin:48,end:51
27,0.0573524
rank:16,size:16,begin:48,end:51
28,0.0554232
rank:16,size:16,begin:48,end:51
26,0.0557521
rank:16,size:16,begin:48,end:51
26,0.0568508
rank:16,size:16,begin:48,end:51
23,0.0565684
rank:16,size:16,begin:48,end:51
29,0.0553844
rank:16,size:16,begin:48,end:51
27,0.0556701
rank:16,size:16,begin:48,end:51
27,0.0567503
rank:16,size:16,begin:48,end:51
24,0.0566083
rank:16,size:16,begin:48,end:51
30,0.0554128
rank:16,size:16,begin:48,end:51
24,4.62046
rank:16,size:16,begin:48,end:51
25,9.53259
rank:16,size:16,begin:48,end:51
25,0.0566608
rank:16,size:16,begin:48,end:51
31,0.0554239
rank:16,size:16,begin:48,end:51
25,0.0555357
rank:16,size:16,begin:48,end:51
26,0.0556634
rank:16,size:16,begin:48,end:51
26,0.0567042
rank:16,size:16,begin:48,end:51
32,0.0554693
rank:16,size:16,begin:48,end:51
26,0.055585
rank:16,size:16,begin:48,end:51
27,0.0556519
rank:16,size:16,begin:48,end:51
27,0.0566786
rank:16,size:16,begin:48,end:51
27,0.0555102
rank:16,size:16,begin:48,end:51
28,0.0555883
rank:16,size:16,begin:48,end:51
28,6.42427
rank:16,size:16,begin:48,end:51
28,0.0556393
rank:16,size:16,begin:48,end:51
29,0.0556491
rank:16,size:16,begin:48,end:51
29,0.0564467
rank:16,size:16,begin:48,end:51
29,0.0556141
rank:16,size:16,begin:48,end:51
30,0.0556203
rank:16,size:16,begin:48,end:51
30,0.0564265
rank:16,size:16,begin:48,end:51
30,0.0555484
rank:16,size:16,begin:48,end:51
31,0.0556114
rank:16,size:16,begin:48,end:51
31,0.0564428
rank:16,size:16,begin:48,end:51
31,0.0555784
rank:16,size:16,begin:48,end:51
32,0.0563981
rank:16,size:16,begin:48,end:51
32,0.0554887
rank:16,size:16,begin:48,end:51
33,0.0563685
rank:16,size:16,begin:48,end:51
34,0.0563725
rank:16,size:16,begin:48,end:51
35,0.0567925
rank:16,size:16,begin:48,end:51
13,10.4602
rank:16,size:16,begin:48,end:51
14,0.0552345
rank:16,size:16,begin:48,end:51
15,0.0553002
rank:16,size:16,begin:48,end:51
16,0.0553498
rank:16,size:16,begin:48,end:51
22,3.14611
rank:16,size:16,begin:48,end:51
17,0.055423
rank:16,size:16,begin:48,end:51
23,3.17331
rank:16,size:16,begin:48,end:51
23,0.0565309
rank:16,size:16,begin:48,end:51
18,0.055482
rank:16,size:16,begin:48,end:51
24,0.0564149
rank:16,size:16,begin:48,end:51
24,0.0565068
rank:16,size:16,begin:48,end:51
19,0.05547
rank:16,size:16,begin:48,end:51
25,0.0552398
rank:16,size:16,begin:48,end:51
25,0.0564684
rank:16,size:16,begin:48,end:51
20,0.055571
rank:16,size:16,begin:48,end:51
26,0.0551818
rank:16,size:16,begin:48,end:51
26,0.0564206
rank:16,size:16,begin:48,end:51
27,0.055161
rank:16,size:16,begin:48,end:51
27,0.0564697
rank:16,size:16,begin:48,end:51
28,0.0551786
rank:16,size:16,begin:48,end:51
28,0.0564609
rank:16,size:16,begin:48,end:51
29,0.0552312
rank:16,size:16,begin:48,end:51
29,0.0565831
rank:16,size:16,begin:48,end:51
21,5.65065
rank:16,size:16,begin:48,end:51
30,0.0552553
rank:16,size:16,begin:48,end:51
22,0.0570483
rank:16,size:16,begin:48,end:51
31,0.0552973
rank:16,size:16,begin:48,end:51
23,0.0569846
rank:16,size:16,begin:48,end:51
24,0.0569986
rank:16,size:16,begin:48,end:51
25,0.0570019
rank:16,size:16,begin:48,end:51
21,5.53279
rank:16,size:16,begin:48,end:51
26,0.0570549
rank:16,size:16,begin:48,end:51
22,0.0555639
rank:16,size:16,begin:48,end:51
27,0.0570592
rank:16,size:16,begin:48,end:51
23,0.0557034
rank:16,size:16,begin:48,end:51
24,0.0555719
rank:16,size:16,begin:48,end:51
25,0.0558479
rank:16,size:16,begin:48,end:51
26,0.0556062
rank:16,size:16,begin:48,end:51
27,0.0556486
rank:16,size:16,begin:48,end:51
34,3.55961
rank:16,size:16,begin:48,end:51
35,0.05678
rank:16,size:16,begin:48,end:51
28,2.69599
rank:16,size:16,begin:48,end:51
30,3.50991
rank:16,size:16,begin:48,end:51
36,0.0567772
rank:16,size:16,begin:48,end:51
29,0.056825
rank:16,size:16,begin:48,end:51
31,0.0557148
rank:16,size:16,begin:48,end:51
37,0.0567381
rank:16,size:16,begin:48,end:51
30,0.0566395
rank:16,size:16,begin:48,end:51
32,0.0558013
rank:16,size:16,begin:48,end:51
38,0.0567947
rank:16,size:16,begin:48,end:51
31,0.0566113
rank:16,size:16,begin:48,end:51
33,0.0557286
rank:16,size:16,begin:48,end:51
32,0.056665
rank:16,size:16,begin:48,end:51
34,0.0556841
rank:16,size:16,begin:48,end:51
33,0.0566388
rank:16,size:16,begin:48,end:51
35,0.0556996
rank:16,size:16,begin:48,end:51
34,0.0566278
rank:16,size:16,begin:48,end:51
36,0.0556439
rank:16,size:16,begin:48,end:51
35,0.0566427
rank:16,size:16,begin:48,end:51
37,0.0557475
rank:16,size:16,begin:48,end:51
38,0.673895
rank:16,size:16,begin:48,end:51
39,0.0557289
rank:16,size:16,begin:48,end:51
28,2.04129
rank:16,size:16,begin:48,end:51
40,0.0557857
rank:16,size:16,begin:48,end:51
29,0.0557342
rank:16,size:16,begin:48,end:51
41,0.0557192
rank:16,size:16,begin:48,end:51
30,0.0556736
rank:16,size:16,begin:48,end:51
42,0.0557442
rank:16,size:16,begin:48,end:51
31,0.0561982
rank:16,size:16,begin:48,end:51
32,0.0556678
rank:16,size:16,begin:48,end:51
28,4.61333
rank:16,size:16,begin:48,end:51
29,0.0571269
rank:16,size:16,begin:48,end:51
30,0.057231
rank:16,size:16,begin:48,end:51
28,2.92056
rank:16,size:16,begin:48,end:51
28,4.70066
rank:16,size:16,begin:48,end:51
31,0.0573154
rank:16,size:16,begin:48,end:51
28,4.7206
rank:16,size:16,begin:48,end:51
29,0.0570228
rank:16,size:16,begin:48,end:51
20,12.1614
rank:16,size:16,begin:48,end:51
29,0.0600444
rank:16,size:16,begin:48,end:51
32,0.0573101
rank:16,size:16,begin:48,end:51
29,0.0569216
rank:16,size:16,begin:48,end:51
30,0.0570204
rank:16,size:16,begin:48,end:51
21,0.0559152
rank:16,size:16,begin:48,end:51
30,0.0558513
rank:16,size:16,begin:48,end:51
33,0.0573255
rank:16,size:16,begin:48,end:51
30,0.0568994
rank:16,size:16,begin:48,end:51
31,0.0570239
rank:16,size:16,begin:48,end:51
22,0.0556365
rank:16,size:16,begin:48,end:51
31,0.0556913
rank:16,size:16,begin:48,end:51
31,0.0568108
rank:16,size:16,begin:48,end:51
32,0.0570261
rank:16,size:16,begin:48,end:51
23,0.0557867
rank:16,size:16,begin:48,end:51
32,0.0556607
rank:16,size:16,begin:48,end:51
32,0.0567749
rank:16,size:16,begin:48,end:51
33,0.0570212
rank:16,size:16,begin:48,end:51
24,0.0556687
rank:16,size:16,begin:48,end:51
33,0.0556312
rank:16,size:16,begin:48,end:51
33,0.0567568
rank:16,size:16,begin:48,end:51
34,0.0570423
rank:16,size:16,begin:48,end:51
25,0.0555438
rank:16,size:16,begin:48,end:51
34,0.0567798
rank:16,size:16,begin:48,end:51
26,0.056356
rank:16,size:16,begin:48,end:51
36,5.20173
rank:16,size:16,begin:48,end:51
37,0.0553433
rank:16,size:16,begin:48,end:51
38,0.0553754
rank:16,size:16,begin:48,end:51
39,0.0553206
rank:16,size:16,begin:48,end:51
40,0.0553623
rank:16,size:16,begin:48,end:51
30,5.44366
rank:16,size:16,begin:48,end:51
31,0.0566325
rank:16,size:16,begin:48,end:51
32,0.0564367
rank:16,size:16,begin:48,end:51
33,0.0564228
rank:16,size:16,begin:48,end:51
34,0.0564591
rank:16,size:16,begin:48,end:51
35,0.0564537
rank:16,size:16,begin:48,end:51
36,0.0564304
rank:16,size:16,begin:48,end:51
37,0.0565071
rank:16,size:16,begin:48,end:51
38,0.056478
rank:16,size:16,begin:48,end:51
33,7.29185
rank:16,size:16,begin:48,end:51
34,0.0553685
rank:16,size:16,begin:48,end:51
35,0.055269
rank:16,size:16,begin:48,end:51
36,0.0552507
rank:16,size:16,begin:48,end:51
37,0.0553096
rank:16,size:16,begin:48,end:51
32,7.41841
rank:16,size:16,begin:48,end:51
34,2.85292
rank:16,size:16,begin:48,end:51
33,0.0557115
rank:16,size:16,begin:48,end:51
35,0.0556893
rank:16,size:16,begin:48,end:51
34,0.0557001
rank:16,size:16,begin:48,end:51
33,7.43127
rank:16,size:16,begin:48,end:51
36,0.0557424
rank:16,size:16,begin:48,end:51
35,0.0555537
rank:16,size:16,begin:48,end:51
34,0.0555176
rank:16,size:16,begin:48,end:51
37,0.0556753
rank:16,size:16,begin:48,end:51
36,0.0556297
rank:16,size:16,begin:48,end:51
35,0.055513
rank:16,size:16,begin:48,end:51
38,0.0556824
rank:16,size:16,begin:48,end:51
37,0.0556478
rank:16,size:16,begin:48,end:51
36,0.0554773
rank:16,size:16,begin:48,end:51
37,0.0554634
rank:16,size:16,begin:48,end:51
39,5.16014
rank:16,size:16,begin:48,end:51
40,0.0567513
rank:16,size:16,begin:48,end:51
41,0.0567015
rank:16,size:16,begin:48,end:51
42,0.0567408
rank:16,size:16,begin:48,end:51
43,0.0566821
rank:16,size:16,begin:48,end:51
39,1.29049
rank:16,size:16,begin:48,end:51
40,0.055251
rank:16,size:16,begin:48,end:51
41,0.0551897
rank:16,size:16,begin:48,end:51
42,0.0552014
rank:16,size:16,begin:48,end:51
43,0.0552594
rank:16,size:16,begin:48,end:51
32,7.61029
rank:16,size:16,begin:48,end:51
33,0.0552672
rank:16,size:16,begin:48,end:51
34,0.0552804
rank:16,size:16,begin:48,end:51
35,0.0551901
rank:16,size:16,begin:48,end:51
36,0.0552638
rank:16,size:16,begin:48,end:51
37,0.0552008
rank:16,size:16,begin:48,end:51
27,4.42879
rank:16,size:16,begin:48,end:51
28,0.0559113
rank:16,size:16,begin:48,end:51
29,0.055683
rank:16,size:16,begin:48,end:51
30,0.0557052
rank:16,size:16,begin:48,end:51
31,0.0556614
rank:16,size:16,begin:48,end:51
34,4.95439
32,0.0560515
rank:16,size:16,begin:48,end:51
rank:16,size:16,begin:48,end:51
33,0.0557599
rank:16,size:16,begin:48,end:51
35,0.0573214
rank:16,size:16,begin:48,end:51
34,0.0562267
rank:16,size:16,begin:48,end:51
33,5.61591
rank:16,size:16,begin:48,end:51
36,0.0573483
rank:16,size:16,begin:48,end:51
34,0.0558109
35,0.0560078
rank:16,size:16,begin:48,end:51
rank:16,size:16,begin:48,end:51
37,0.0572733
rank:16,size:16,begin:48,end:51
35,0.0557291
rank:16,size:16,begin:48,end:51
38,0.0572874
rank:16,size:16,begin:48,end:51
36,0.0558467
rank:16,size:16,begin:48,end:51
39,0.0572332
rank:16,size:16,begin:48,end:51
37,0.055739
rank:16,size:16,begin:48,end:51
35,5.22679
rank:16,size:16,begin:48,end:51
36,0.0571078
rank:16,size:16,begin:48,end:51
38,2.65769
rank:16,size:16,begin:48,end:51
37,0.0570436
rank:16,size:16,begin:48,end:51
39,0.0553829
rank:16,size:16,begin:48,end:51
38,0.0570582
rank:16,size:16,begin:48,end:51
40,0.0553656
rank:16,size:16,begin:48,end:51
39,0.0570707
rank:16,size:16,begin:48,end:51
41,0.0554044
rank:16,size:16,begin:48,end:51
42,0.055377
rank:16,size:16,begin:48,end:51
36,7.48
rank:16,size:16,begin:48,end:51
37,0.0568111
rank:16,size:16,begin:48,end:51
38,0.0566845
rank:16,size:16,begin:48,end:51
41,4.85351
rank:16,size:16,begin:48,end:51
39,0.0566902
rank:16,size:16,begin:48,end:51
42,0.0554646
rank:16,size:16,begin:48,end:51
40,0.0567286
rank:16,size:16,begin:48,end:51
43,0.0554045
rank:16,size:16,begin:48,end:51
41,0.0566559
rank:16,size:16,begin:48,end:51
44,0.0553999
rank:16,size:16,begin:48,end:51
36,1.12715
rank:16,size:16,begin:48,end:51
45,0.0553824
rank:16,size:16,begin:48,end:51
37,0.0557285
rank:16,size:16,begin:48,end:51
46,0.0553622
rank:16,size:16,begin:48,end:51
38,0.0560488
rank:16,size:16,begin:48,end:51
47,0.0553804
rank:16,size:16,begin:48,end:51
39,0.055549
rank:16,size:16,begin:48,end:51
48,0.0553536
rank:16,size:16,begin:48,end:51
40,0.0558217
rank:16,size:16,begin:48,end:51
38,4.8075
rank:16,size:16,begin:48,end:51
39,0.0557286
rank:16,size:16,begin:48,end:51
40,0.0557272
rank:16,size:16,begin:48,end:51
41,0.055756
rank:16,size:16,begin:48,end:51
44,4.65565
rank:16,size:16,begin:48,end:51
42,0.0556186
rank:16,size:16,begin:48,end:51
45,0.0568185
rank:16,size:16,begin:48,end:51
46,0.0568328
rank:16,size:16,begin:48,end:51
47,0.0566997
rank:16,size:16,begin:48,end:51
48,0.0567618
rank:16,size:16,begin:48,end:51
39,5.70208
rank:16,size:16,begin:48,end:51
40,0.0556577
rank:16,size:16,begin:48,end:51
41,0.0556998
rank:16,size:16,begin:48,end:51
21,12.689
rank:16,size:16,begin:48,end:51
42,0.0556947
rank:16,size:16,begin:48,end:51
22,0.0568638
rank:16,size:16,begin:48,end:51
43,0.0556638
rank:16,size:16,begin:48,end:51
23,0.0568377
rank:16,size:16,begin:48,end:51
24,0.0568692
rank:16,size:16,begin:48,end:51
25,0.0568825
rank:16,size:16,begin:48,end:51
26,0.0568407
rank:16,size:16,begin:48,end:51
27,0.0569154
rank:16,size:16,begin:48,end:51
38,4.41459
rank:16,size:16,begin:48,end:51
39,0.0557426
rank:16,size:16,begin:48,end:51
35,9.53861
rank:16,size:16,begin:48,end:51
40,0.0556472
rank:16,size:16,begin:48,end:51
36,0.0567695
rank:16,size:16,begin:48,end:51
41,0.0556169
rank:16,size:16,begin:48,end:51
37,0.0567443
rank:16,size:16,begin:48,end:51
42,0.055757
rank:16,size:16,begin:48,end:51
38,0.0568058
rank:16,size:16,begin:48,end:51
40,4.70797
rank:16,size:16,begin:48,end:51
39,0.0567928
rank:16,size:16,begin:48,end:51
41,0.0572607
rank:16,size:16,begin:48,end:51
42,0.0571957
rank:16,size:16,begin:48,end:51
38,6.7643
rank:16,size:16,begin:48,end:51
43,0.0571598
rank:16,size:16,begin:48,end:51
39,0.0556329
rank:16,size:16,begin:48,end:51
44,0.0571246
rank:16,size:16,begin:48,end:51
40,0.0556217
rank:16,size:16,begin:48,end:51
41,0.0555968
rank:16,size:16,begin:48,end:51
43,4.57039
rank:16,size:16,begin:48,end:51
42,0.0555657
rank:16,size:16,begin:48,end:51
44,0.0554733
rank:16,size:16,begin:48,end:51
40,4.71119
rank:16,size:16,begin:48,end:51
43,0.0556493
rank:16,size:16,begin:48,end:51
45,0.0554233
rank:16,size:16,begin:48,end:51
41,0.0571142
rank:16,size:16,begin:48,end:51
46,0.055402
rank:16,size:16,begin:48,end:51
42,0.0570685
rank:16,size:16,begin:48,end:51
47,0.0554109
rank:16,size:16,begin:48,end:51
43,0.0570743
rank:16,size:16,begin:48,end:51
48,0.0554323
rank:16,size:16,begin:48,end:51
44,0.057074
rank:16,size:16,begin:48,end:51
43,0.711546
rank:16,size:16,begin:48,end:51
45,0.0570515
rank:16,size:16,begin:48,end:51
46,0.057073
rank:16,size:16,begin:48,end:51
44,0.0682905
rank:16,size:16,begin:48,end:51
43,2.45445
rank:16,size:16,begin:48,end:51
47,0.0570502
rank:16,size:16,begin:48,end:51
45,0.0774153
rank:16,size:16,begin:48,end:51
44,0.076401
rank:16,size:16,begin:48,end:51
43,11.4739
rank:16,size:16,begin:48,end:51
46,0.0627403
rank:16,size:16,begin:48,end:51
45,0.0556024
rank:16,size:16,begin:48,end:51
44,0.0570336
rank:16,size:16,begin:48,end:51
42,4.71924
rank:16,size:16,begin:48,end:51
46,0.0554858
rank:16,size:16,begin:48,end:51
45,0.0569597
rank:16,size:16,begin:48,end:51
49,2.51078
rank:16,size:16,begin:48,end:51
43,0.0566459
rank:16,size:16,begin:48,end:51
46,0.0570167
rank:16,size:16,begin:48,end:51
50,0.0568264
rank:16,size:16,begin:48,end:51
44,0.0566621
rank:16,size:16,begin:48,end:51
47,0.0570335
rank:16,size:16,begin:48,end:51
51,0.0567602
rank:16,size:16,begin:48,end:51
45,0.0566674
rank:16,size:16,begin:48,end:51
48,0.0570174
rank:16,size:16,begin:48,end:51
52,0.0567437
rank:16,size:16,begin:48,end:51
46,0.0566661
rank:16,size:16,begin:48,end:51
49,0.0569921
rank:16,size:16,begin:48,end:51
53,0.0567972
rank:16,size:16,begin:48,end:51
47,0.0566671
rank:16,size:16,begin:48,end:51
47,0.301498
rank:16,size:16,begin:48,end:51
54,0.0567113
rank:16,size:16,begin:48,end:51
48,0.0554999
rank:16,size:16,begin:48,end:51
55,0.0567629
rank:16,size:16,begin:48,end:51
49,0.0554029
rank:16,size:16,begin:48,end:51
56,0.0567329
rank:16,size:16,begin:48,end:51
50,0.0553861
rank:16,size:16,begin:48,end:51
51,0.055369
rank:16,size:16,begin:48,end:51
38,7.13618
rank:16,size:16,begin:48,end:51
39,0.0552993
rank:16,size:16,begin:48,end:51
40,0.0552992
rank:16,size:16,begin:48,end:51
41,0.0552355
rank:16,size:16,begin:48,end:51
42,0.055224
rank:16,size:16,begin:48,end:51
43,0.257049
rank:16,size:16,begin:48,end:51
44,0.0552613
rank:16,size:16,begin:48,end:51
45,0.0551971
rank:16,size:16,begin:48,end:51
44,3.13787
rank:16,size:16,begin:48,end:51
46,0.0552571
rank:16,size:16,begin:48,end:51
45,0.0557619
rank:16,size:16,begin:48,end:51
47,0.0552735
rank:16,size:16,begin:48,end:51
46,0.0557033
rank:16,size:16,begin:48,end:51
48,0.0552372
rank:16,size:16,begin:48,end:51
47,0.0556316
rank:16,size:16,begin:48,end:51
48,0.0557227
rank:16,size:16,begin:48,end:51
49,7.22552
rank:16,size:16,begin:48,end:51
50,0.0554418
rank:16,size:16,begin:48,end:51
51,0.0553896
rank:16,size:16,begin:48,end:51
52,0.0549371
rank:16,size:16,begin:48,end:51
44,9.88729
rank:16,size:16,begin:48,end:51
53,0.0553352
rank:16,size:16,begin:48,end:51
45,0.0552947
rank:16,size:16,begin:48,end:51
54,0.0553349
rank:16,size:16,begin:48,end:51
46,0.0553233
rank:16,size:16,begin:48,end:51
55,0.0553532
rank:16,size:16,begin:48,end:51
47,0.0552766
rank:16,size:16,begin:48,end:51
56,0.0553636
rank:16,size:16,begin:48,end:51
40,4.19531
rank:16,size:16,begin:48,end:51
41,0.0568052
rank:16,size:16,begin:48,end:51
42,0.0567811
rank:16,size:16,begin:48,end:51
43,0.0567761
rank:16,size:16,begin:48,end:51
28,4.99649
rank:16,size:16,begin:48,end:51
57,0.331271
rank:16,size:16,begin:48,end:51
44,0.0567598
rank:16,size:16,begin:48,end:51
29,0.0569977
rank:16,size:16,begin:48,end:51
58,0.0554236
rank:16,size:16,begin:48,end:51
30,0.0569412
rank:16,size:16,begin:48,end:51
59,0.0554392
rank:16,size:16,begin:48,end:51
31,0.0569396
rank:16,size:16,begin:48,end:51
60,0.0553994
rank:16,size:16,begin:48,end:51
32,0.0569396
rank:16,size:16,begin:48,end:51
33,0.0569229
rank:16,size:16,begin:48,end:51
41,8.95844
rank:16,size:16,begin:48,end:51
42,0.0559822
rank:16,size:16,begin:48,end:51
49,3.01652
rank:16,size:16,begin:48,end:51
43,0.055853
rank:16,size:16,begin:48,end:51
44,5.1939
rank:16,size:16,begin:48,end:51
50,0.0557315
rank:16,size:16,begin:48,end:51
44,0.0560639
rank:16,size:16,begin:48,end:51
45,0.0556278
rank:16,size:16,begin:48,end:51
51,0.0557211
rank:16,size:16,begin:48,end:51
45,0.0559412
rank:16,size:16,begin:48,end:51
46,0.0555448
rank:16,size:16,begin:48,end:51
52,0.0557804
rank:16,size:16,begin:48,end:51
46,0.0559572
rank:16,size:16,begin:48,end:51
47,0.0556105
rank:16,size:16,begin:48,end:51
49,5.195
rank:16,size:16,begin:48,end:51
48,0.0555433
rank:16,size:16,begin:48,end:51
50,0.0554955
rank:16,size:16,begin:48,end:51
49,0.0555128
rank:16,size:16,begin:48,end:51
51,0.0554536
rank:16,size:16,begin:48,end:51
52,0.0553996
rank:16,size:16,begin:48,end:51
53,0.0554236
rank:16,size:16,begin:48,end:51
47,5.15981
rank:16,size:16,begin:48,end:51
48,0.05572
rank:16,size:16,begin:48,end:51
49,0.0562927
rank:16,size:16,begin:48,end:51
52,4.7
rank:16,size:16,begin:48,end:51
50,0.0569588
rank:16,size:16,begin:48,end:51
53,0.055513
rank:16,size:16,begin:48,end:51
51,0.0568375
rank:16,size:16,begin:48,end:51
54,0.0554172
rank:16,size:16,begin:48,end:51
55,0.055422
rank:16,size:16,begin:48,end:51
56,0.0576337
rank:16,size:16,begin:48,end:51
48,2.90613
rank:16,size:16,begin:48,end:51
49,0.0552139
rank:16,size:16,begin:48,end:51
50,0.0552731
rank:16,size:16,begin:48,end:51
51,0.055727
rank:16,size:16,begin:48,end:51
52,0.055298
rank:16,size:16,begin:48,end:51
53,0.0552135
rank:16,size:16,begin:48,end:51
49,5.24934
rank:16,size:16,begin:48,end:51
50,0.0552476
rank:16,size:16,begin:48,end:51
51,0.0552453
rank:16,size:16,begin:48,end:51
52,0.0552228
rank:16,size:16,begin:48,end:51
53,0.0552519
rank:16,size:16,begin:48,end:51
54,0.0552565
rank:16,size:16,begin:48,end:51
34,3.33881
rank:16,size:16,begin:48,end:51
48,7.27263
rank:16,size:16,begin:48,end:51
35,0.0571415
rank:16,size:16,begin:48,end:51
49,0.0571351
rank:16,size:16,begin:48,end:51
36,0.0569781
rank:16,size:16,begin:48,end:51
50,0.0570996
rank:16,size:16,begin:48,end:51
53,2.47717
rank:16,size:16,begin:48,end:51
48,6.96854
rank:16,size:16,begin:48,end:51
37,0.0569606
rank:16,size:16,begin:48,end:51
51,0.057112
rank:16,size:16,begin:48,end:51
54,0.055771
rank:16,size:16,begin:48,end:51
49,0.0568051
rank:16,size:16,begin:48,end:51
38,0.056981
rank:16,size:16,begin:48,end:51
52,0.0570858
rank:16,size:16,begin:48,end:51
55,0.055754
rank:16,size:16,begin:48,end:51
50,0.0569054
rank:16,size:16,begin:48,end:51
39,0.0570304
rank:16,size:16,begin:48,end:51
53,0.0570916
rank:16,size:16,begin:48,end:51
52,2.09292
rank:16,size:16,begin:48,end:51
56,0.0557363
rank:16,size:16,begin:48,end:51
51,0.0566918
rank:16,size:16,begin:48,end:51
40,0.0569972
rank:16,size:16,begin:48,end:51
53,0.0558197
rank:16,size:16,begin:48,end:51
57,0.0556856
rank:16,size:16,begin:48,end:51
52,0.0566724
rank:16,size:16,begin:48,end:51
57,7.07006
rank:16,size:16,begin:48,end:51
54,0.0558189
rank:16,size:16,begin:48,end:51
53,0.0567005
rank:16,size:16,begin:48,end:51
58,0.056799
rank:16,size:16,begin:48,end:51
55,0.0557204
rank:16,size:16,begin:48,end:51
59,0.0567306
rank:16,size:16,begin:48,end:51
60,0.05676
rank:16,size:16,begin:48,end:51
61,0.0567347
rank:16,size:16,begin:48,end:51
50,7.81302
rank:16,size:16,begin:48,end:51
51,0.0570866
rank:16,size:16,begin:48,end:51
52,0.0570578
rank:16,size:16,begin:48,end:51
53,0.0570088
rank:16,size:16,begin:48,end:51
47,4.24003
rank:16,size:16,begin:48,end:51
48,0.0558482
rank:16,size:16,begin:48,end:51
49,0.0556977
rank:16,size:16,begin:48,end:51
50,0.0560495
rank:16,size:16,begin:48,end:51
54,4.35735
rank:16,size:16,begin:48,end:51
55,0.0553962
rank:16,size:16,begin:48,end:51
56,0.0553849
rank:16,size:16,begin:48,end:51
45,6.06468
rank:16,size:16,begin:48,end:51
57,0.0553664
rank:16,size:16,begin:48,end:51
46,0.056989
rank:16,size:16,begin:48,end:51
57,4.21412
rank:16,size:16,begin:48,end:51
47,0.0568226
rank:16,size:16,begin:48,end:51
58,0.056831
rank:16,size:16,begin:48,end:51
48,0.0568155
rank:16,size:16,begin:48,end:51
59,0.0567355
rank:16,size:16,begin:48,end:51
60,0.0567443
rank:16,size:16,begin:48,end:51
61,0.0567469
rank:16,size:16,begin:48,end:51
62,0.0567244
rank:16,size:16,begin:48,end:51
[mpiexec@r4i3n0] Sending Ctrl-C to processes as requested
[mpiexec@r4i3n0] Press Ctrl-C again to force abort
